"title","revenue"
"Ace Goldfinger",NULL
"African Egg",NULL
"Agent Truman",NULL
"Alice Fantasia",NULL
"Alone Trip",NULL
"Amelie Hellfighters",NULL
"Anaconda Confessions",NULL
"Annie Identity",NULL
"Anything Savannah",NULL
"Arizona Bang",NULL
"Armageddon Lost",NULL
"Army Flintstones",NULL
"Bang Kwai",NULL
"Beach Heartbreakers",NULL
"Bed Highball",NULL
"Bedazzled Married",NULL
"Behavior Runaway",NULL
"Bilko Anonymous",NULL
"Bill Others",NULL
"Blade Polish",NULL
"Bonnie Holocaust",NULL
"Boondock Ballroom",NULL
"Born Spinal",NULL
"Breakfast Goldfinger",NULL
"Bubble Grosse",NULL
"Bucket Brotherhood",NULL
"Candles Grapes",NULL
"Canyon Stock",NULL
"Caper Motions",NULL
"Casualties Encino",NULL
"Cause Date",NULL
"Celebrity Horn",NULL
"Center Dinosaur",NULL
"Chamber Italian",NULL
"Chasing Fight",NULL
"Cheaper Clyde",NULL
"Chicago North",NULL
"Chicken Hellfighters",NULL
"Chill Luck",NULL
"Chisum Behavior",NULL
"Chitty Lock",NULL
"Cider Desire",NULL
"Cincinatti Whisperer",NULL
"Cleopatra Devil",NULL
"Clones Pinocchio",NULL
"Clue Grail",NULL
"Connection Microcosmos",NULL
"Control Anthem",NULL
"Core Suit",NULL
"Craft Outfield",NULL
"Cranes Reservoir",NULL
"Creepers Kane",NULL
"Crow Grease",NULL
"Dalmations Sweden",NULL
"Dances None",NULL
"Dangerous Uptown",NULL
"Darko Dorado",NULL
"Darn Forrester",NULL
"Date Speed",NULL
"Daughter Madigan",NULL
"Destination Jerk",NULL
"Details Packer",NULL
"Disturbing Scarface",NULL
"Dogma Family",NULL
"Donnie Alley",NULL
"Doom Dancing",NULL
"Double Wrath",NULL
"Doubtfire Labyrinth",NULL
"Dracula Crystal",NULL
"Drums Dynamite",NULL
"Duffel Apocalypse",NULL
"Durham Panky",NULL
"Dynamite Tarzan",NULL
"Eagles Panky",NULL
"Early Home",NULL
"Earth Vision",NULL
"Effect Gladiator",NULL
"Empire Malkovich",NULL
"Entrapment Satisfaction",NULL
"Escape Metropolis",NULL
"Factory Dragon",NULL
"Family Sweet",NULL
"Fantasy Troopers",NULL
"Fidelity Devil",NULL
"Fight Jawbreaker",NULL
"Finding Anaconda",NULL
"Fire Wolves",NULL
"Flintstones Happiness",NULL
"Fool Mockingbird",NULL
"Forrester Comancheros",NULL
"Forward Temple",NULL
"Frogmen Breaking",NULL
"Garden Island",NULL
"Gathering Calendar",NULL
"Gentlemen Stage",NULL
"Ghost Groundhog",NULL
"Glass Dying",NULL
"Go Purple",NULL
"Goldmine Tycoon",NULL
"Gone Trouble",NULL
"Graceland Dynamite",NULL
"Graduate Lord",NULL
"Grail Frankenstein",NULL
"Grease Youth",NULL
"Greedy Roots",NULL
"Greek Everyone",NULL
"Gump Date",NULL
"Gun Bonnie",NULL
"Gunfighter Mussolini",NULL
"Guys Falcon",NULL
"Halloween Nuts",NULL
"Happiness United",NULL
"Harry Idaho",NULL
"Hawk Chill",NULL
"Holocaust Highball",NULL
"Holy Tadpole",NULL
"Hoosiers Birdcage",NULL
"Horror Reign",NULL
"Hotel Happiness",NULL
"Hunter Alter",NULL
"Hurricane Affair",NULL
"Idaho Love",NULL
"Igby Maker",NULL
"Illusion Amelie",NULL
"Indian Love",NULL
"Innocent Usual",NULL
"Insects Stone",NULL
"Intolerable Intentions",NULL
"Invasion Cyclone",NULL
"Iron Moon",NULL
"Ishtar Rocketeer",NULL
"Island Exorcist",NULL
"Jacket Frisco",NULL
"Jersey Sassy",NULL
"Jingle Sagebrush",NULL
"Jumping Wrath",NULL
"Jungle Closer",NULL
"Kentuckian Giant",NULL
"Kill Brotherhood",NULL
"Kiss Glory",NULL
"Kramer Chocolate",NULL
"Lady Stage",NULL
"Lawrence Love",NULL
"Legally Secretary",NULL
"Lesson Cleopatra",NULL
"Life Twisted",NULL
"Lights Deer",NULL
"Lord Arizona",NULL
"Lost Bird",NULL
"Love Suicides",NULL
"Lovely Jingle",NULL
"Magnificent Chitty",NULL
"Maker Gables",NULL
"Married Go",NULL
"Microcosmos Paradise",NULL
"Million Ace",NULL
"Minority Kiss",NULL
"Mob Duffel",NULL
"Monster Spartacus",NULL
"Monterey Labyrinth",NULL
"Moon Bunch",NULL
"Moonwalker Fool",NULL
"Mother Oleander",NULL
"Motions Details",NULL
"Moulin Wake",NULL
"Mourning Purple",NULL
"Muscle Bright",NULL
"Musketeers Wait",NULL
"Natural Stock",NULL
"Necklace Outbreak",NULL
"Neighbors Charade",NULL
"Newsies Story",NULL
"Newton Labyrinth",NULL
"Notting Speakeasy",NULL
"Nuts Ties",NULL
"October Submarine",NULL
"Oklahoma Jumanji",NULL
"Operation Operation",NULL
"Oscar Gold",NULL
"Outbreak Divine",NULL
"Outfield Massacre",NULL
"Packer Madigan",NULL
"Panther Reds",NULL
"Papi Necklace",NULL
"Paradise Sabrina",NULL
"Past Suicides",NULL
"Paycheck Wait",NULL
"Peach Innocent",NULL
"Pet Haunting",NULL
"Pilot Hoosiers",NULL
"Pity Bound",NULL
"Pocus Pulp",NULL
"Polish Brooklyn",NULL
"Poseidon Forever",NULL
"Potluck Mixed",NULL
"Primary Glass",NULL
"Queen Luke",NULL
"Quills Bull",NULL
"Racer Egg",NULL
"Raiders Antitrust",NULL
"Range Moonwalker",NULL
"Records Zorro",NULL
"Reign Gentlemen",NULL
"Reservoir Adaptation",NULL
"Resurrection Silverado",NULL
"Rider Caddyshack",NULL
"Ridgemont Submarine",NULL
"Road Roxanne",NULL
"Robbers Joon",NULL
"Rocky War",NULL
"Roof Champion",NULL
"Rules Human",NULL
"Runaway Tenenbaums",NULL
"Runner Madigan",NULL
"Samurai Lion",NULL
"Satisfaction Confidential",NULL
"Saturday Lambs",NULL
"Savannah Town",NULL
"School Jacket",NULL
"Seattle Expecations",NULL
"Secret Groundhog",NULL
"Shawshank Bubble",NULL
"Side Ark",NULL
"Silence Kane",NULL
"Sinners Atlantis",NULL
"Sky Miracle",NULL
"Sleeping Suspects",NULL
"Slums Duck",NULL
"Smile Earring",NULL
"Snatchers Montezuma",NULL
"Something Duck",NULL
"Song Hedwig",NULL
"Sorority Queen",NULL
"Soup Wisdom",NULL
"Speed Suit",NULL
"Spirit Flintstones",NULL
"Splendor Patton",NULL
"State Wasteland",NULL
"Stock Glass",NULL
"Stone Fire",NULL
"Straight Hours",NULL
"Sunrise League",NULL
"Suspects Quills",NULL
"Sweet Brotherhood",NULL
"Tadpole Park",NULL
"Tequila Past",NULL
"Theory Mermaid",NULL
"Thief Pelican",NULL
"Ties Hunger",NULL
"Tourist Pelican",NULL
"Tracy Cider",NULL
"Translation Summer",NULL
"Treasure Command",NULL
"Treatment Jekyll",NULL
"Trojan Tomorrow",NULL
"Trouble Date",NULL
"Tuxedo Mile",NULL
"Uncut Suicides",NULL
"Unforgiven Zoolander",NULL
"Uptown Young",NULL
"Valley Packer",NULL
"Vampire Whale",NULL
"Velvet Terminator",NULL
"Virgin Daisy",NULL
"Virtual Spoilers",NULL
"Volcano Texas",NULL
"Wagon Jaws",NULL
"Walls Artist",NULL
"Watership Frontier",NULL
"Whale Bikini",NULL
"Window Side",NULL
"Wonderful Drop",NULL
"Words Hunter",NULL
"Working Microcosmos",NULL
"Wrath Mile",NULL
